"1","36","6a9d210efcd24501a6ae9e98c1f6807f"
"2","47","e1a555ab0bb9433dad7e6fcb8eb737b3"
"3","39","d296c49c9ded4f5cb858890970c47af1"
"4","18","d7a6e38d44f24c83af199896b376c9f9"
"5","14","d859cd1af08b405394cb3309b1b6d1d3"
"6","35","5ec3d8bf658741a9ade910cbd235d2b4"
"7","13","0755d7c7604e41e5be1181cbd7d10200"
"8","24","b0b64e03d1624c89a7da2569c1337f8a"
"9","46","0f1ec1244f02429d911ef3e5cfcaca2b"
"10","23","98a386dbb3e24aa6b3b8ea9d466c13b2"
"11","28","2c627ae626534329a24fa909182a7577"
"12","34","4547e2d0b57e48b6a4fd0720cefef2cd"
"13","41","ba927537e7bd43b8b2d38706d11b70ad"
"14","43","81c1840f4fb64d4eb37c64aaf2506a9a"
"15","2","47eeac441a324499bde499bdc2925ee3"
"16","5","1b5fa7d22c054dc9b8950d18706f3423"
"17","27","39a1fb81131e469c8d3759cb1a7abaa4"
"18","8","e784b2502f14496cb87c6249c8fbd3f8"
"19","5","cc88d3243b7142a78997b5cb94351370"
"20","30","1b5fa7d22c054dc9b8950d18706f3423"
"21","36","370801c0b0dc4296b7b1e134cb0c418b"
"22","47","cc88d3243b7142a78997b5cb94351370"
"23","31","098253f888a546cab656d2c8652e301e"
"24","1","98a386dbb3e24aa6b3b8ea9d466c13b2"
"25","17","573a4953e2704baaa23819e12f2b81ce"
"26","6","1755c2cf168d412ca85e0aa8748a086e"
"27","41","f06713e4814d48f4a0c67939d4c6644b"
"28","5","1b5fa7d22c054dc9b8950d18706f3423"
"29","8","1ab5651daec84cf8a6b4f0920f5da9e0"
"30","9","098253f888a546cab656d2c8652e301e"
"31","39","4547e2d0b57e48b6a4fd0720cefef2cd"
"32","19","5396460b7d8c412a9d19eb9ba5800c90"
"33","41","1755c2cf168d412ca85e0aa8748a086e"
"34","1","39a1fb81131e469c8d3759cb1a7abaa4"
"35","40","d6a072f05b74459682f01186cc5fb95f"
"36","22","c058174a203c4b9b85370b287ceb2b26"
"37","32","cc88d3243b7142a78997b5cb94351370"
"38","2","d6a072f05b74459682f01186cc5fb95f"
"39","31","c74e97cc713f42489cb1d27b357b72eb"
"40","6","d859cd1af08b405394cb3309b1b6d1d3"
"41","22","98a386dbb3e24aa6b3b8ea9d466c13b2"
"42","46","e1ae2a3f93f44d1c845fa80fcc2d61c8"
"43","33","bbde0a4da5cf4b499346b4cc6ee0920f"
"44","36","ccfef2afa37347058669742c6318f92b"
"45","35","e1a555ab0bb9433dad7e6fcb8eb737b3"
"46","35","1b5fa7d22c054dc9b8950d18706f3423"
"47","3","098253f888a546cab656d2c8652e301e"
"48","5","6696dfb54e5246be9abb972eb744bf58"
"49","1","7cfdb8f3448d449182ea993bed817c78"
"50","39","c058174a203c4b9b85370b287ceb2b26"
